code,run,original_id,request_id,task_id,base_group_id,seed,role,condition,category,judgment,uncertainty,original_source_path,text_sha256,evidence_file,first_actual_error_adoption,numeric_correction,source_interpretation_correction,later_reappearance,post_correction_actual_error_use,strict_post_numeric_correction_actual_same_source_recurrence,strict_post_source_correction_actual_same_source_recurrence
P05,pr9-pilot-20261009,trace-reference:b62bfbff3185686203757a99,trace-reference_b62bfbff3185686203757a99,igsm-pr9-20261008-0039-op21::noop:front:high,igsm-pr9-20261008-0039-op21,0,reference,related_noop,persistent_wrong_source_interpretation,目标的前向算式一直能得到2，但标签17仍被称作目标given；未确认来源纠正或纠正后实际误用。,首次实际以标签17改变下游计算没有充分证据。第一乘积合法等于17，不能仅按数字认定污染。,/mnt/mydata/wja/reasoning-diff/runs/pr9-pilot-20261009/responses/trace-reference_b62bfbff3185686203757a99.json,148dd8dbebbaa68ea97f0729fd3fd342c1fa198293ed574581a803fa5e3bd6d5,evidence/P05.md,"{""positions"": null, ""paragraph_numbers"": [], ""speech_act"": ""not_confirmed"", ""note"": ""未确认首次错误实际采用；相关重述、疑问或约束候选另列。""}","{""positions"": null, ""paragraph_numbers"": [], ""speech_act"": ""not_confirmed"", ""note"": ""未确认真实错误工作值被自行改正；正确前向值或模等价另列。""}","{""positions"": null, ""paragraph_numbers"": [], ""speech_act"": ""not_confirmed"", ""note"": ""未确认稳定的明确来源纠正；若有试探分离，另列。""}","{""paragraph_numbers"": [166, 178, 204, 205], ""speech_act"": ""persistent_assertion_and_correct_answer"", ""note"": ""结尾仍写17 given，框内选2；没有明确来源分离。"", ""positions"": [{""paragraph"": 166, ""start"": 29484, ""end"": 29899}, {""paragraph"": 178, ""start"": 31365, ""end"": 31437}, {""paragraph"": 204, ""start"": 32679, ""end"": 32781}, {""paragraph"": 205, ""start"": 32783, ""end"": 32808}]}","{""positions"": null, ""paragraph_numbers"": [], ""speech_act"": ""not_confirmed"", ""note"": ""重点上下文复核没有确认纠正后同一错误来源再次进入实际执行的计算。""}",not_confirmed,not_confirmed
P22,pr9-pilot-20261009,trace-reference:22d78c20777d7b81793a2fa3,trace-reference_22d78c20777d7b81793a2fa3,igsm-pr9-20261008-0026-op15::noop:front:high,igsm-pr9-20261008-0026-op15,0,reference,related_noop,initial_wrong_use_then_rejected_hypothesis,初期以错绑T_H=17实际逆推R_T=12；随后前向得到19和1，后期12位于被拒绝的If分支。,P022已提出另一数量，但含maybe/perhaps及反复疑问，来源纠正的稳定程度有限。,/mnt/mydata/wja/reasoning-diff/runs/pr9-pilot-20261009/responses/trace-reference_22d78c20777d7b81793a2fa3.json,73707a941dc46b16cf92c34782b99564284f7e1a18bfc12b13270e669d617e90,evidence/P22.md,"{""paragraph_numbers"": [9, 17], ""speech_act"": ""asserted_inverse_computation"", ""note"": ""17=5+R_T，断言R_T must be12；原图R_T=19。"", ""positions"": [{""paragraph"": 9, ""start"": 4242, ""end"": 4520}, {""paragraph"": 17, ""start"": 5772, ""end"": 6048}]}","{""paragraph_numbers"": [43, 44], ""speech_act"": ""actual_computation"", ""note"": ""R_T=19，T_H=1。"", ""positions"": [{""paragraph"": 43, ""start"": 11214, ""end"": 11305}, {""paragraph"": 44, ""start"": 11307, ""end"": 11375}]}","{""paragraph_numbers"": [22], ""speech_act"": ""explicit_separation_with_hedging"", ""note"": ""指出标签与T_H不是同一数量；保留语气的不确定性。"", ""positions"": [{""paragraph"": 22, ""start"": 7161, ""end"": 8149}]}","{""paragraph_numbers"": [74, 75], ""speech_act"": ""hypothesis_explicitly_rejected"", ""note"": ""先声明另一个解释，再If假定T_H17并以R_T19矛盾拒绝。"", ""positions"": [{""paragraph"": 74, ""start"": 14631, ""end"": 14905}, {""paragraph"": 75, ""start"": 14907, ""end"": 15290}]}","{""positions"": null, ""paragraph_numbers"": [], ""speech_act"": ""not_confirmed"", ""note"": ""重点上下文复核没有确认纠正后同一错误来源再次进入实际执行的计算。""}",not_confirmed,not_confirmed
V24,pr9-validation-natural-20261010,trace-reference:fd2be7098ddb158bb82a6aa0,trace-reference_fd2be7098ddb158bb82a6aa0,igsm-pr9-20261008-0050-op15::noop:front:high,igsm-pr9-20261008-0050-op15,0,reference,related_noop,wrong_restatement_before_source_correction,数值4出现后，条件表仍重述目标17；该重述先于明确来源分离，且未用于实际错误计算。,P020属于解释候选；P023同时保留目标17和前向结果4，不能将表中重述直接升级为采用。,/mnt/mydata/wja/reasoning-diff/runs/pr9-validation-natural-20261010/responses/trace-reference_fd2be7098ddb158bb82a6aa0.json,cabee7c051603c3ae73ab322e485e51ee9d632f81b5f9b903208a4dd970f5d9e,evidence/V24.md,"{""positions"": null, ""paragraph_numbers"": [], ""speech_act"": ""not_confirmed"", ""note"": ""未确认首次错误实际采用；相关重述、疑问或约束候选另列。""}","{""positions"": null, ""paragraph_numbers"": [], ""speech_act"": ""not_confirmed"", ""note"": ""未确认真实错误工作值被自行改正；正确前向值或模等价另列。""}","{""paragraph_numbers"": [32], ""speech_act"": ""explicit_separation"", ""note"": ""明确标签17并非目标数量。"", ""positions"": [{""paragraph"": 32, ""start"": 11143, ""end"": 11734}]}","{""paragraph_numbers"": [20, 23], ""speech_act"": ""interpretation_hypothesis_and_inconsistent_table"", ""note"": ""来源解释仍含混；同一表实际前向链仍得到4。"", ""positions"": [{""paragraph"": 20, ""start"": 5544, ""end"": 6300}, {""paragraph"": 23, ""start"": 6392, ""end"": 7454}]}","{""positions"": null, ""paragraph_numbers"": [], ""speech_act"": ""not_confirmed"", ""note"": ""重点上下文复核没有确认纠正后同一错误来源再次进入实际执行的计算。""}",not_confirmed,not_confirmed
V17,pr9-validation-natural-20261010,trace-reference:bb1efb63ce07a7c90c0f2b12,trace-reference_bb1efb63ce07a7c90c0f2b12,igsm-pr9-20261008-0035-op21,igsm-pr9-20261008-0035-op21,0,reference,base,real_arithmetic_error_propagation_then_recovery,真实算术错误19传播到8个后续非目标量；自行改成13并重算，未确认同一错误再次被采用。,这是加法错误，不是纪念标签绑定。不同实体后来等于19不能算同源复发；最终7由原图抵消。,/mnt/mydata/wja/reasoning-diff/runs/pr9-validation-natural-20261010/responses/trace-reference_bb1efb63ce07a7c90c0f2b12.json,15f03bfebc2e1f0cf5866e64e248bfdebcc7350cb02a405a38d9b21be93becd0,evidence/V17.md,"{""paragraph_numbers"": [13, 14, 15, 16, 17, 18, 19, 20, 21, 22, 33], ""speech_act"": ""actual_erroneous_computation"", ""note"": ""(18+12)+6被误算为42，再用A_Frilled19传播。"", ""positions"": [{""paragraph"": 13, ""start"": 5154, ""end"": 5599}, {""paragraph"": 14, ""start"": 5601, ""end"": 5874}, {""paragraph"": 15, ""start"": 5876, ""end"": 6170}, {""paragraph"": 16, ""start"": 6172, ""end"": 6358}, {""paragraph"": 17, ""start"": 6360, ""end"": 6615}, {""paragraph"": 18, ""start"": 6617, ""end"": 6888}, {""paragraph"": 19, ""start"": 6890, ""end"": 7146}, {""paragraph"": 20, ""start"": 7148, ""end"": 7420}, {""paragraph"": 21, ""start"": 7422, ""end"": 7571}, {""paragraph"": 22, ""start"": 7573, ""end"": 8038}, {""paragraph"": 33, ""start"": 8495, ""end"": 8606}]}","{""paragraph_numbers"": [71, 72, 73, 74, 75], ""speech_act"": ""explicit_self_correction"", ""note"": ""明确30+6=36，A_Frilled=13而非19。"", ""positions"": [{""paragraph"": 71, ""start"": 14048, ""end"": 14451}, {""paragraph"": 72, ""start"": 14453, ""end"": 14567}, {""paragraph"": 73, ""start"": 14569, ""end"": 14717}, {""paragraph"": 74, ""start"": 14719, ""end"": 14942}, {""paragraph"": 75, ""start"": 14944, ""end"": 15189}]}","{""positions"": null, ""paragraph_numbers"": [], ""speech_act"": ""not_confirmed"", ""note"": ""未确认稳定的明确来源纠正；若有试探分离，另列。""}",,"{""positions"": null, ""paragraph_numbers"": [], ""speech_act"": ""not_confirmed"", ""note"": ""重点上下文复核没有确认纠正后同一错误来源再次进入实际执行的计算。""}",not_confirmed,not_confirmed
P47,pr9-pilot-20261009,trace-noise:986c56cb2a217982d0d0b08d,trace-noise_986c56cb2a217982d0d0b08d,igsm-pr9-20261008-0054-op15::noop:front:high,igsm-pr9-20261008-0054-op15,3,noise,related_noop,persistent_binding_with_ambiguous_inverse_constraints,前向18后又逆推KH22，但一直未稳定纠正标签来源；约束检验的执行性质不确定，不确认为数值纠正后实际复发。,P030/P037虽用断言语气解约束，却同时强调与KH0矛盾；没有足够证据将KH22视为取代当前前向值的工作状态。,/mnt/mydata/wja/reasoning-diff/runs/pr9-pilot-20261009/responses/trace-noise_986c56cb2a217982d0d0b08d.json,bfef39668295a700aad2a64cb8a293ebff101ac0afc8644f962e2783f7421d1d,evidence/P47.md,"{""positions"": null, ""paragraph_numbers"": [], ""speech_act"": ""not_confirmed"", ""note"": ""未确认首次错误实际采用；相关重述、疑问或约束候选另列。""}","{""positions"": null, ""paragraph_numbers"": [], ""speech_act"": ""not_confirmed"", ""note"": ""未确认真实错误工作值被自行改正；正确前向值或模等价另列。""}","{""positions"": null, ""paragraph_numbers"": [], ""speech_act"": ""not_confirmed"", ""note"": ""未确认稳定的明确来源纠正；若有试探分离，另列。""}","{""paragraph_numbers"": [49, 50, 51, 52, 53], ""speech_act"": ""hypothesis_with_inconsistency_check"", ""note"": ""明确Suppose KH22并推出矛盾。"", ""positions"": [{""paragraph"": 49, ""start"": 15241, ""end"": 15479}, {""paragraph"": 50, ""start"": 15481, ""end"": 15790}, {""paragraph"": 51, ""start"": 15792, ""end"": 16012}, {""paragraph"": 52, ""start"": 16014, ""end"": 16231}, {""paragraph"": 53, ""start"": 16233, ""end"": 16272}]}","{""positions"": null, ""paragraph_numbers"": [], ""speech_act"": ""not_confirmed"", ""note"": ""重点上下文复核没有确认纠正后同一错误来源再次进入实际执行的计算。""}",not_confirmed,not_confirmed
P48,pr9-pilot-20261009,trace-noise:9a31eff1d52e90d22a9f948a,trace-noise_9a31eff1d52e90d22a9f948a,igsm-pr9-20261008-0039-op21::noop:front:high,igsm-pr9-20261008-0039-op21,3,noise,related_noop,late_source_correction_without_actual_recurrence,起初持续错绑17，前向总和2；后段明确两种数量不同，此后未确认实际误用。,目标17的表述不是已经观测到的下游传播；乘积17有合法来源。,/mnt/mydata/wja/reasoning-diff/runs/pr9-pilot-20261009/responses/trace-noise_9a31eff1d52e90d22a9f948a.json,5ad0984f91ccf39306804e96cceff1270cf6002459ae3e90e5aa705d6dfb274a,evidence/P48.md,"{""positions"": null, ""paragraph_numbers"": [], ""speech_act"": ""not_confirmed"", ""note"": ""未确认首次错误实际采用；相关重述、疑问或约束候选另列。""}","{""positions"": null, ""paragraph_numbers"": [], ""speech_act"": ""not_confirmed"", ""note"": ""未确认真实错误工作值被自行改正；正确前向值或模等价另列。""}","{""paragraph_numbers"": [142, 143, 144, 145], ""speech_act"": ""explicit_separation"", ""note"": ""明确标签数17与Monument Zone Product不同。"", ""positions"": [{""paragraph"": 142, ""start"": 33696, ""end"": 34162}, {""paragraph"": 143, ""start"": 34164, ""end"": 34187}, {""paragraph"": 144, ""start"": 34189, ""end"": 34707}, {""paragraph"": 145, ""start"": 34709, ""end"": 35393}]}",,"{""positions"": null, ""paragraph_numbers"": [], ""speech_act"": ""not_confirmed"", ""note"": ""重点上下文复核没有确认纠正后同一错误来源再次进入实际执行的计算。""}",not_confirmed,not_confirmed
P69,pr9-pilot-20261009,trace-reference:9793693e56006eaa5c223dbe,trace-reference_9793693e56006eaa5c223dbe,igsm-pr9-20261008-0052-op5::noop:front:high,igsm-pr9-20261008-0052-op5,0,reference,related_noop,post_source_correction_rejected_inverse_hypothesis,来源分离后逆推TigerAlula13发生在明确假设分支，并以正确0矛盾拒绝；不是实际复发。,语义分离早期仍反复犹豫，但P062/P133已明确区别；P145计算量很长也不改变其假设地位。,/mnt/mydata/wja/reasoning-diff/runs/pr9-pilot-20261009/responses/trace-reference_9793693e56006eaa5c223dbe.json,4aa5709a447a4c4c5c83f57b6e063369ce53d7598137bf3a967e8d8a844dbc97,evidence/P69.md,"{""positions"": null, ""paragraph_numbers"": [], ""speech_act"": ""not_confirmed"", ""note"": ""未确认首次错误实际采用；相关重述、疑问或约束候选另列。""}","{""positions"": null, ""paragraph_numbers"": [], ""speech_act"": ""not_confirmed"", ""note"": ""未确认真实错误工作值被自行改正；正确前向值或模等价另列。""}","{""paragraph_numbers"": [62, 133], ""speech_act"": ""explicit_separation"", ""note"": ""指出另一个数量且无关，可以忽略。"", ""positions"": [{""paragraph"": 62, ""start"": 11875, ""end"": 12880}, {""paragraph"": 133, ""start"": 20777, ""end"": 20933}]}","{""paragraph_numbers"": [94, 95, 96, 97, 98, 99, 100, 101, 102, 103, 104, 105, 106, 107, 108, 109, 110, 111, 112, 113, 114, 115, 145], ""speech_act"": ""hypothesis_explicitly_rejected"", ""note"": ""Alternatively引出17，逆元算13后以正常0矛盾排除；另一分支同样被拒绝。"", ""positions"": [{""paragraph"": 94, ""start"": 16674, ""end"": 16940}, {""paragraph"": 95, ""start"": 16942, ""end"": 16966}, {""paragraph"": 96, ""start"": 16968, ""end"": 17026}, {""paragraph"": 97, ""start"": 17028, ""end"": 17060}, {""paragraph"": 98, ""start"": 17062, ""end"": 17102}, {""paragraph"": 99, ""start"": 17104, ""end"": 17148}, {""paragraph"": 100, ""start"": 17150, ""end"": 17167}, {""paragraph"": 101, ""start"": 17169, ""end"": 17182}, {""paragraph"": 102, ""start"": 17184, ""end"": 17196}, {""paragraph"": 103, ""start"": 17198, ""end"": 17209}, {""paragraph"": 104, ""start"": 17211, ""end"": 17222}, {""paragraph"": 105, ""start"": 17224, ""end"": 17254}, {""paragraph"": 106, ""start"": 17256, ""end"": 17267}, {""paragraph"": 107, ""start"": 17269, ""end"": 17290}, {""paragraph"": 108, ""start"": 17292, ""end"": 17338}, {""paragraph"": 109, ""start"": 17340, ""end"": 17362}, {""paragraph"": 110, ""start"": 17364, ""end"": 17419}, {""paragraph"": 111, ""start"": 17421, ""end"": 17531}, {""paragraph"": 112, ""start"": 17533, ""end"": 17569}, {""paragraph"": 113, ""start"": 17571, ""end"": 17615}, {""paragraph"": 114, ""start"": 17617, ""end"": 17697}, {""paragraph"": 115, ""start"": 17699, ""end"": 18040}, {""paragraph"": 145, ""start"": 21870, ""end"": 22592}]}","{""positions"": null, ""paragraph_numbers"": [], ""speech_act"": ""not_confirmed"", ""note"": ""重点上下文复核没有确认纠正后同一错误来源再次进入实际执行的计算。""}",not_confirmed,not_confirmed
V58,pr9-validation-natural-20261010,trace-noise:f1ea28d0a457cce23a91c640,trace-noise_f1ea28d0a457cce23a91c640,igsm-pr9-20261008-0014-op15::noop:front:high,igsm-pr9-20261008-0014-op15,3,noise,related_noop,persistent_source_conflict_with_inverse_hypotheses,多次错称WJ17；实际得到0后仍认为冲突。没有稳定来源纠正，后期逆元约束是另一解释的假设。,由差值13推得WL12只是离线诊断候选；原文未把WalrusLiver12确认为工作值，不能伪造传播。,/mnt/mydata/wja/reasoning-diff/runs/pr9-validation-natural-20261010/responses/trace-noise_f1ea28d0a457cce23a91c640.json,5875e2fe3fd8522b82c07eed17428680045da52508ddf9ce26ea32902de6c0d9,evidence/V58.md,"{""positions"": null, ""paragraph_numbers"": [], ""speech_act"": ""not_confirmed"", ""note"": ""未确认首次错误实际采用；相关重述、疑问或约束候选另列。""}","{""positions"": null, ""paragraph_numbers"": [], ""speech_act"": ""not_confirmed"", ""note"": ""未确认真实错误工作值被自行改正；正确前向值或模等价另列。""}","{""positions"": null, ""paragraph_numbers"": [], ""speech_act"": ""not_confirmed"", ""note"": ""未确认稳定的明确来源纠正；若有试探分离，另列。""}","{""paragraph_numbers"": [127, 128, 129, 130, 131, 132, 133, 134, 135, 136, 137, 138, 139, 140, 141, 142, 143, 144, 145, 146, 147, 148, 149, 150, 159], ""speech_act"": ""alternative_hypothesis"", ""note"": ""Alternatively及Suppose/assume引出差值13约束。"", ""positions"": [{""paragraph"": 127, ""start"": 25211, ""end"": 25375}, {""paragraph"": 128, ""start"": 25377, ""end"": 25406}, {""paragraph"": 129, ""start"": 25408, ""end"": 25457}, {""paragraph"": 130, ""start"": 25459, ""end"": 25499}, {""paragraph"": 131, ""start"": 25501, ""end"": 25533}, {""paragraph"": 132, ""start"": 25535, ""end"": 25574}, {""paragraph"": 133, ""start"": 25576, ""end"": 25589}, {""paragraph"": 134, ""start"": 25591, ""end"": 25603}, {""paragraph"": 135, ""start"": 25605, ""end"": 25616}, {""paragraph"": 136, ""start"": 25618, ""end"": 25629}, {""paragraph"": 137, ""start"": 25631, ""end"": 25641}, {""paragraph"": 138, ""start"": 25643, ""end"": 25654}, {""paragraph"": 139, ""start"": 25656, ""end"": 25674}, {""paragraph"": 140, ""start"": 25676, ""end"": 25688}, {""paragraph"": 141, ""start"": 25690, ""end"": 25712}, {""paragraph"": 142, ""start"": 25714, ""end"": 25734}, {""paragraph"": 143, ""start"": 25736, ""end"": 25749}, {""paragraph"": 144, ""start"": 25751, ""end"": 25832}, {""paragraph"": 145, ""start"": 25834, ""end"": 25868}, {""paragraph"": 146, ""start"": 25870, ""end"": 25950}, {""paragraph"": 147, ""start"": 25952, ""end"": 25976}, {""paragraph"": 148, ""start"": 25978, ""end"": 26091}, {""paragraph"": 149, ""start"": 26093, ""end"": 26281}, {""paragraph"": 150, ""start"": 26283, ""end"": 26647}, {""paragraph"": 159, ""start"": 28702, ""end"": 29037}]}","{""positions"": null, ""paragraph_numbers"": [], ""speech_act"": ""not_confirmed"", ""note"": ""重点上下文复核没有确认纠正后同一错误来源再次进入实际执行的计算。""}",not_confirmed,not_confirmed
V50,pr9-validation-natural-20261010,trace-noise:c4193b609bd3ac672cd5d274,trace-noise_c4193b609bd3ac672cd5d274,igsm-pr9-20261008-0050-op15::noop:front:high,igsm-pr9-20261008-0050-op15,3,noise,related_noop,explicit_source_recovery_control,先错绑17，后明确承认误把标签当目标；后续保持S_labels17与S_Haddock4分离。,错误重述未被确认为实际下游误用，数值4与来源纠正需分开记录。,/mnt/mydata/wja/reasoning-diff/runs/pr9-validation-natural-20261010/responses/trace-noise_c4193b609bd3ac672cd5d274.json,2ab285a269a587a81575fbfd819647f2965b8ddf6967148c4cdd697acc35a85f,evidence/V50.md,"{""positions"": null, ""paragraph_numbers"": [], ""speech_act"": ""not_confirmed"", ""note"": ""未确认首次错误实际采用；相关重述、疑问或约束候选另列。""}","{""positions"": null, ""paragraph_numbers"": [], ""speech_act"": ""not_confirmed"", ""note"": ""未确认真实错误工作值被自行改正；正确前向值或模等价另列。""}","{""paragraph_numbers"": [45, 46, 47, 48, 49, 51], ""speech_act"": ""explicit_self_correction_of_source"", ""note"": ""明确初始17只属于标签，承认先前假设错误。"", ""positions"": [{""paragraph"": 45, ""start"": 16749, ""end"": 17205}, {""paragraph"": 46, ""start"": 17207, ""end"": 17650}, {""paragraph"": 47, ""start"": 17652, ""end"": 18290}, {""paragraph"": 48, ""start"": 18292, ""end"": 18307}, {""paragraph"": 49, ""start"": 18309, ""end"": 18500}, {""paragraph"": 51, ""start"": 18713, ""end"": 19158}]}",,"{""positions"": null, ""paragraph_numbers"": [], ""speech_act"": ""not_confirmed"", ""note"": ""重点上下文复核没有确认纠正后同一错误来源再次进入实际执行的计算。""}",not_confirmed,not_confirmed
P32,pr9-pilot-20261009,trace-noise:2f08ca039e019fcc04e5da4d,trace-noise_2f08ca039e019fcc04e5da4d,igsm-pr9-20261008-0052-op5::noop:front:high,igsm-pr9-20261008-0052-op5,3,noise,related_noop,early_separation_with_rejected_alternatives,瞬时错命名后立即给标签独立变量；前向0，后来的17为被区分的另一解释。,P003含错误命名但同段立即质疑；未确认17进入实际错误计算。,/mnt/mydata/wja/reasoning-diff/runs/pr9-pilot-20261009/responses/trace-noise_2f08ca039e019fcc04e5da4d.json,5360b00633e780e5f7c365e44ddbfee993c68b806cba3fbe69ab0c3bdcc71800,evidence/P32.md,"{""positions"": null, ""paragraph_numbers"": [], ""speech_act"": ""not_confirmed"", ""note"": ""未确认首次错误实际采用；相关重述、疑问或约束候选另列。""}","{""positions"": null, ""paragraph_numbers"": [], ""speech_act"": ""not_confirmed"", ""note"": ""未确认真实错误工作值被自行改正；正确前向值或模等价另列。""}","{""paragraph_numbers"": [4], ""speech_act"": ""explicit_separation"", ""note"": ""TigerUlnaLabels17作为另一量。"", ""positions"": [{""paragraph"": 4, ""start"": 1603, ""end"": 2061}]}","{""paragraph_numbers"": [28, 50], ""speech_act"": ""alternative_explicitly_separated"", ""note"": ""讨论标签等同目标的可能，但明确与原文分离。"", ""positions"": [{""paragraph"": 28, ""start"": 6705, ""end"": 7047}, {""paragraph"": 50, ""start"": 10674, ""end"": 11053}]}","{""positions"": null, ""paragraph_numbers"": [], ""speech_act"": ""not_confirmed"", ""note"": ""重点上下文复核没有确认纠正后同一错误来源再次进入实际执行的计算。""}",not_confirmed,not_confirmed
P66,pr9-pilot-20261009,trace-reference:78e377024634381120a6bd1a,trace-reference_78e377024634381120a6bd1a,igsm-pr9-20261008-0054-op15::noop:front:high,igsm-pr9-20261008-0054-op15,0,reference,related_noop,conditional_inverse_constraint_before_stable_separation,KH22在If条件分支，发生于稳定来源分离前；正常前向18，后段明确标签无关。,P015/P016语言来回切换，不能仅把其中等式视作实际工作状态。,/mnt/mydata/wja/reasoning-diff/runs/pr9-pilot-20261009/responses/trace-reference_78e377024634381120a6bd1a.json,a1d0483434e6f00f1083c89eeeafc2385d714a32387a5e0e77309d2d4d2e680e,evidence/P66.md,"{""positions"": null, ""paragraph_numbers"": [], ""speech_act"": ""not_confirmed"", ""note"": ""未确认首次错误实际采用；相关重述、疑问或约束候选另列。""}","{""positions"": null, ""paragraph_numbers"": [], ""speech_act"": ""not_confirmed"", ""note"": ""未确认真实错误工作值被自行改正；正确前向值或模等价另列。""}","{""paragraph_numbers"": [62], ""speech_act"": ""explicit_separation"", ""note"": ""标签无关，目标18。"", ""positions"": [{""paragraph"": 62, ""start"": 17975, ""end"": 18208}]}",,"{""positions"": null, ""paragraph_numbers"": [], ""speech_act"": ""not_confirmed"", ""note"": ""重点上下文复核没有确认纠正后同一错误来源再次进入实际执行的计算。""}",not_confirmed,not_confirmed
V69,pr9-validation-natural-20261010,trace-reference:cb97c8eb2fe1785c8af8419a,trace-reference_cb97c8eb2fe1785c8af8419a,igsm-pr9-20261008-0018-op15::noop:front:high,igsm-pr9-20261008-0018-op15,0,reference,related_noop,early_source_separation_control,短暂误述17后区分标签与Crab，登记独立变量；后续7与分离均保持。,没有观察到首次实际错误采用；合法常量17不可按同数字升级为同源。,/mnt/mydata/wja/reasoning-diff/runs/pr9-validation-natural-20261010/responses/trace-reference_cb97c8eb2fe1785c8af8419a.json,e86a3979fadfdeab60b696384cdebcbfb7b9c77327dec78c82ef31c8cb0406a9,evidence/V69.md,"{""positions"": null, ""paragraph_numbers"": [], ""speech_act"": ""not_confirmed"", ""note"": ""未确认首次错误实际采用；相关重述、疑问或约束候选另列。""}","{""positions"": null, ""paragraph_numbers"": [], ""speech_act"": ""not_confirmed"", ""note"": ""未确认真实错误工作值被自行改正；正确前向值或模等价另列。""}","{""paragraph_numbers"": [6, 10, 13, 14], ""speech_act"": ""explicit_separation"", ""note"": ""TDCrabLabels17与TDCrab分开。"", ""positions"": [{""paragraph"": 6, ""start"": 3095, ""end"": 3421}, {""paragraph"": 10, ""start"": 3940, ""end"": 4205}, {""paragraph"": 13, ""start"": 4291, ""end"": 4787}, {""paragraph"": 14, ""start"": 4789, ""end"": 5138}]}",,"{""positions"": null, ""paragraph_numbers"": [], ""speech_act"": ""not_confirmed"", ""note"": ""重点上下文复核没有确认纠正后同一错误来源再次进入实际执行的计算。""}",not_confirmed,not_confirmed
P24,pr9-pilot-20261009,trace-reference:1430a3bc689d200491cfa530,trace-reference_1430a3bc689d200491cfa530,igsm-pr9-20261008-0041-op10::noop:front:high,igsm-pr9-20261008-0041-op10,0,reference,related_noop,source_separation_with_rejected_identity_hypotheses,标签另名后实际目标21；后续If/Suppose分支用21不等17排除，未确认实际复发。,早期N_A17是否实际改变计算没有证据；P026的标签另名可与正确前向链同时核对。,/mnt/mydata/wja/reasoning-diff/runs/pr9-pilot-20261009/responses/trace-reference_1430a3bc689d200491cfa530.json,5db10c042757ace9020dad443a1577651cdb4f4e9bf757f7a19dd172d38f8b3c,evidence/P24.md,"{""positions"": null, ""paragraph_numbers"": [], ""speech_act"": ""not_confirmed"", ""note"": ""未确认首次错误实际采用；相关重述、疑问或约束候选另列。""}","{""positions"": null, ""paragraph_numbers"": [], ""speech_act"": ""not_confirmed"", ""note"": ""未确认真实错误工作值被自行改正；正确前向值或模等价另列。""}","{""paragraph_numbers"": [26], ""speech_act"": ""separate_variable_assignment"", ""note"": ""标签另名，目标用公式求21。"", ""positions"": [{""paragraph"": 26, ""start"": 11293, ""end"": 11800}]}","{""paragraph_numbers"": [36, 44, 45, 46, 47], ""speech_act"": ""hypotheses_explicitly_rejected"", ""note"": ""If/Suppose再假设17身份，随即以矛盾否定。"", ""positions"": [{""paragraph"": 36, ""start"": 12941, ""end"": 13477}, {""paragraph"": 44, ""start"": 15205, ""end"": 15850}, {""paragraph"": 45, ""start"": 15852, ""end"": 16364}, {""paragraph"": 46, ""start"": 16366, ""end"": 16673}, {""paragraph"": 47, ""start"": 16675, ""end"": 16989}]}","{""positions"": null, ""paragraph_numbers"": [], ""speech_act"": ""not_confirmed"", ""note"": ""重点上下文复核没有确认纠正后同一错误来源再次进入实际执行的计算。""}",not_confirmed,not_confirmed
V13,pr9-validation-natural-20261010,trace-reference:d503680b82452b415a3457aa,trace-reference_d503680b82452b415a3457aa,igsm-pr9-20261008-0043-op21::noop:front:high,igsm-pr9-20261008-0043-op21,0,reference,related_noop,ambiguous_source_interpretation_with_rejected_constraint,初列SBS17而前向得到11；后段17约束由If引出并用11矛盾拒绝，不确认为实际复发。,P004的SBS/SBST简称混淆后立即核对原文，未确认错值17进入实际算式；P058来源分离仍用maybe。,/mnt/mydata/wja/reasoning-diff/runs/pr9-validation-natural-20261010/responses/trace-reference_d503680b82452b415a3457aa.json,9e5df1cc8770e06916df02e27594eb81420f9e592613bc478895b9ff8692dfc3,evidence/V13.md,"{""positions"": null, ""paragraph_numbers"": [], ""speech_act"": ""not_confirmed"", ""note"": ""未确认首次错误实际采用；相关重述、疑问或约束候选另列。""}","{""positions"": null, ""paragraph_numbers"": [], ""speech_act"": ""not_confirmed"", ""note"": ""未确认真实错误工作值被自行改正；正确前向值或模等价另列。""}","{""positions"": null, ""paragraph_numbers"": [], ""speech_act"": ""not_confirmed"", ""note"": ""未确认稳定的明确来源纠正；若有试探分离，另列。""}","{""paragraph_numbers"": [59, 60, 61], ""speech_act"": ""hypothesis_explicitly_rejected"", ""note"": ""If第一句是SBS17才有该约束，后用11拒绝。"", ""positions"": [{""paragraph"": 59, ""start"": 20226, ""end"": 20450}, {""paragraph"": 60, ""start"": 20452, ""end"": 20479}, {""paragraph"": 61, ""start"": 20481, ""end"": 20720}]}","{""positions"": null, ""paragraph_numbers"": [], ""speech_act"": ""not_confirmed"", ""note"": ""重点上下文复核没有确认纠正后同一错误来源再次进入实际执行的计算。""}",not_confirmed,not_confirmed
E24,pr8-natural-pilot-20261007-d02a40c,trace-base:3:seed2,,igsm-official-0045-op10,igsm-official-0045-op10,2,unedited_original,base,rejected_operand_reversal_control,实际Sr20-Ba13=7；反向16由If明确引出且立即以原题减法顺序拒绝。,没有初始真实反向误用、纠正、再误用四阶段链，不能将候选提及当状态变化。,/mnt/mydata/wja/reasoning-diff/reports/pr10-server-recurrence-review-20261010/source_data/artifacts/rd-pr8-natural-pilot-20261007-light/raw-and-reparsed-pilot.tar.gz::pr8-natural-pilot-20261007-d02a40c/pilot-gpu3/traces.jsonl::line=12,6a386219320e7c35aac16d97445e99dea2c2d07a4ad1d1d4a25afb921786a5be,evidence/E24.md,"{""positions"": null, ""paragraph_numbers"": [], ""speech_act"": ""not_confirmed"", ""note"": ""未确认首次错误实际采用；相关重述、疑问或约束候选另列。""}","{""positions"": null, ""paragraph_numbers"": [], ""speech_act"": ""not_confirmed"", ""note"": ""未确认真实错误工作值被自行改正；正确前向值或模等价另列。""}","{""positions"": null, ""paragraph_numbers"": [], ""speech_act"": ""not_confirmed"", ""note"": ""未确认稳定的明确来源纠正；若有试探分离，另列。""}","{""paragraph_numbers"": [95, 96], ""speech_act"": ""hypothesis_explicitly_rejected"", ""note"": ""If反向为16，但题目是Sr-Ba，仍选7。"", ""positions"": [{""paragraph"": 95, ""start"": 13148, ""end"": 13444}, {""paragraph"": 96, ""start"": 13446, ""end"": 13729}]}","{""positions"": null, ""paragraph_numbers"": [], ""speech_act"": ""not_confirmed"", ""note"": ""重点上下文复核没有确认纠正后同一错误来源再次进入实际执行的计算。""}",not_confirmed,not_confirmed
V70,pr9-validation-natural-20261010,trace-reference:e3b58ffed41312a0670bd6c6,trace-reference_e3b58ffed41312a0670bd6c6,igsm-pr9-20261008-0014-op15::noop:front:high,igsm-pr9-20261008-0014-op15,0,reference,related_noop,early_source_separation_paired_control,与V58同题另seed，早期给标签另名，前向0；没有纠正后实际误用。,同题配对只说明本轮文本行为不同，不能估计随机种子效应或内部机制。,/mnt/mydata/wja/reasoning-diff/runs/pr9-validation-natural-20261010/responses/trace-reference_e3b58ffed41312a0670bd6c6.json,897a09afc450447a40f101e7daccc0d3d3b527442fdf17bcffcb663442a0804d,evidence/V70.md,"{""positions"": null, ""paragraph_numbers"": [], ""speech_act"": ""not_confirmed"", ""note"": ""未确认首次错误实际采用；相关重述、疑问或约束候选另列。""}","{""positions"": null, ""paragraph_numbers"": [], ""speech_act"": ""not_confirmed"", ""note"": ""未确认真实错误工作值被自行改正；正确前向值或模等价另列。""}","{""paragraph_numbers"": [6, 9, 12], ""speech_act"": ""explicit_separation"", ""note"": ""另记WJ_souvenir17。"", ""positions"": [{""paragraph"": 6, ""start"": 2678, ""end"": 2986}, {""paragraph"": 9, ""start"": 4385, ""end"": 5071}, {""paragraph"": 12, ""start"": 5164, ""end"": 5550}]}",,"{""positions"": null, ""paragraph_numbers"": [], ""speech_act"": ""not_confirmed"", ""note"": ""重点上下文复核没有确认纠正后同一错误来源再次进入实际执行的计算。""}",not_confirmed,not_confirmed
V59,pr9-validation-natural-20261010,trace-noise:f58399aa088826a9651ac781,trace-noise_f58399aa088826a9651ac781,igsm-pr9-20261008-0055-op21::noop:front:high,igsm-pr9-20261008-0055-op21,3,noise,related_noop,early_source_separation_control,初期ADC17含混；明确标签另量后计算目标10，后续保持分离。,初期误命名没有确认为实际错误采用；后面正确值不足以反证先前语义含混。,/mnt/mydata/wja/reasoning-diff/runs/pr9-validation-natural-20261010/responses/trace-noise_f58399aa088826a9651ac781.json,23f25771a15447c66c4f85d66f409a3967882f528876a32597b5cdfa527e5f40,evidence/V59.md,"{""positions"": null, ""paragraph_numbers"": [], ""speech_act"": ""not_confirmed"", ""note"": ""未确认首次错误实际采用；相关重述、疑问或约束候选另列。""}","{""positions"": null, ""paragraph_numbers"": [], ""speech_act"": ""not_confirmed"", ""note"": ""未确认真实错误工作值被自行改正；正确前向值或模等价另列。""}","{""paragraph_numbers"": [22, 24, 25, 29, 31], ""speech_act"": ""explicit_separation"", ""note"": ""SADC17与ADC分开。"", ""positions"": [{""paragraph"": 22, ""start"": 10454, ""end"": 10942}, {""paragraph"": 24, ""start"": 11016, ""end"": 11641}, {""paragraph"": 25, ""start"": 11643, ""end"": 13015}, {""paragraph"": 29, ""start"": 13127, ""end"": 13738}, {""paragraph"": 31, ""start"": 13774, ""end"": 14872}]}",,"{""positions"": null, ""paragraph_numbers"": [], ""speech_act"": ""not_confirmed"", ""note"": ""重点上下文复核没有确认纠正后同一错误来源再次进入实际执行的计算。""}",not_confirmed,not_confirmed
V43,pr9-validation-natural-20261010,trace-noise:857ea94ede598eed1ecd5ceb,trace-noise_857ea94ede598eed1ecd5ceb,igsm-pr9-20261008-0043-op21::noop:front:high,igsm-pr9-20261008-0043-op21,3,noise,related_noop,separation_without_confirmed_initial_error_control,从早段已给标签另名，正常前向目标11；没有确认初始错绑或实际复发。,公式常量17有题目中的合法来源；关键词检索命中不表示污染。,/mnt/mydata/wja/reasoning-diff/runs/pr9-validation-natural-20261010/responses/trace-noise_857ea94ede598eed1ecd5ceb.json,fe1d6370afee95fe634df0341829958defc7ecf60b960dbfbdfc1e77be34aab8,evidence/V43.md,"{""positions"": null, ""paragraph_numbers"": [], ""speech_act"": ""not_confirmed"", ""note"": ""未确认首次错误实际采用；相关重述、疑问或约束候选另列。""}","{""positions"": null, ""paragraph_numbers"": [], ""speech_act"": ""not_confirmed"", ""note"": ""未确认真实错误工作值被自行改正；正确前向值或模等价另列。""}","{""paragraph_numbers"": [5, 7], ""speech_act"": ""separated_from_outset_not_correction"", ""note"": ""早段将标签视为另一数量。"", ""positions"": [{""paragraph"": 5, ""start"": 3223, ""end"": 3510}, {""paragraph"": 7, ""start"": 3537, ""end"": 3852}]}",,"{""positions"": null, ""paragraph_numbers"": [], ""speech_act"": ""not_confirmed"", ""note"": ""重点上下文复核没有确认纠正后同一错误来源再次进入实际执行的计算。""}",not_confirmed,not_confirmed
P26,pr9-pilot-20261009,trace-noise:0a33d6a23b6a3176368c4400,trace-noise_0a33d6a23b6a3176368c4400,igsm-pr9-20261008-0026-op15::noop:front:high,igsm-pr9-20261008-0026-op15,3,noise,related_noop,early_source_recovery_paired_control,与P22同图另seed，初期误述后区分标签，实际前向1并维持；没有R_T12工作值。,原文没有P22式的实际逆推误用；本例仅做target17覆盖诊断，不伪造R_T12观测。,/mnt/mydata/wja/reasoning-diff/runs/pr9-pilot-20261009/responses/trace-noise_0a33d6a23b6a3176368c4400.json,e8b8f7860dc05709c7c0f02f9449a4c59f822d2758f57ccbdd22e2ac9e4c87aa,evidence/P26.md,"{""positions"": null, ""paragraph_numbers"": [], ""speech_act"": ""not_confirmed"", ""note"": ""未确认首次错误实际采用；相关重述、疑问或约束候选另列。""}","{""positions"": null, ""paragraph_numbers"": [], ""speech_act"": ""not_confirmed"", ""note"": ""未确认真实错误工作值被自行改正；正确前向值或模等价另列。""}","{""paragraph_numbers"": [25], ""speech_act"": ""explicit_separation"", ""note"": ""标签独立，按方程先计算RPT。"", ""positions"": [{""paragraph"": 25, ""start"": 11252, ""end"": 11653}]}",,"{""positions"": null, ""paragraph_numbers"": [], ""speech_act"": ""not_confirmed"", ""note"": ""重点上下文复核没有确认纠正后同一错误来源再次进入实际执行的计算。""}",not_confirmed,not_confirmed
P27,pr9-pilot-20261009,trace-noise:12f7c4688307f0277859a7f0,trace-noise_12f7c4688307f0277859a7f0,igsm-pr9-20261008-0015-op21::noop:front:high,igsm-pr9-20261008-0015-op21,3,noise,related_noop,ambiguous_restatement_after_source_separation,明确标签另量后又问第一句是否目标17，但没有实际以17替代正确11计算。,P060为疑问且同时记得标签独立，只支持表述不稳；不确认为数值复发或内部绑定残留。,/mnt/mydata/wja/reasoning-diff/runs/pr9-pilot-20261009/responses/trace-noise_12f7c4688307f0277859a7f0.json,2670580594a727c2918ab6699426926d250407e145ce3c18dffc06c043428872,evidence/P27.md,"{""positions"": null, ""paragraph_numbers"": [], ""speech_act"": ""not_confirmed"", ""note"": ""未确认首次错误实际采用；相关重述、疑问或约束候选另列。""}","{""positions"": null, ""paragraph_numbers"": [], ""speech_act"": ""not_confirmed"", ""note"": ""未确认真实错误工作值被自行改正；正确前向值或模等价另列。""}","{""paragraph_numbers"": [45], ""speech_act"": ""explicit_separation"", ""note"": ""标签不是Millet。"", ""positions"": [{""paragraph"": 45, ""start"": 16005, ""end"": 16566}]}","{""paragraph_numbers"": [60], ""speech_act"": ""ambiguous_question_after_separation"", ""note"": ""再次问目标17还是不同数量，但仍承认计算11。"", ""positions"": [{""paragraph"": 60, ""start"": 18650, ""end"": 19016}]}","{""positions"": null, ""paragraph_numbers"": [], ""speech_act"": ""not_confirmed"", ""note"": ""重点上下文复核没有确认纠正后同一错误来源再次进入实际执行的计算。""}",not_confirmed,not_confirmed
P31,pr9-pilot-20261009,trace-noise:2182f1b4d241fd4f9dae90df,trace-noise_2182f1b4d241fd4f9dae90df,igsm-pr9-20261008-0062-op15::noop:front:high,igsm-pr9-20261008-0062-op15,3,noise,related_noop,wrong_restatement_after_explicit_source_separation,P057/P059分离来源后P060确有错误重述再现，随后多次含混；没有17再次进入实际错误计算的证据。,明确分离的陈述并不稳定；只支持来源解释/表述来回摇摆，不支持潜伏内部绑定机制。,/mnt/mydata/wja/reasoning-diff/runs/pr9-pilot-20261009/responses/trace-noise_2182f1b4d241fd4f9dae90df.json,83c37a1d41cdfdf9a990a379efc326d81b97993368aa483f12650dabe599145b,evidence/P31.md,"{""positions"": null, ""paragraph_numbers"": [], ""speech_act"": ""not_confirmed"", ""note"": ""未确认首次错误实际采用；相关重述、疑问或约束候选另列。""}","{""positions"": null, ""paragraph_numbers"": [], ""speech_act"": ""not_confirmed"", ""note"": ""未确认真实错误工作值被自行改正；正确前向值或模等价另列。""}","{""paragraph_numbers"": [57, 59], ""speech_act"": ""explicit_separation_but_not_stable"", ""note"": ""说明标签17与计算目标不同。"", ""positions"": [{""paragraph"": 57, ""start"": 11300, ""end"": 12123}, {""paragraph"": 59, ""start"": 12193, ""end"": 13385}]}","{""paragraph_numbers"": [60, 63, 66, 69, 70], ""speech_act"": ""wrong_restatement_and_unresolved_identity_questions"", ""note"": ""又说第一句是SquashCourt17，出现矛盾检验；没有替代前向值。"", ""positions"": [{""paragraph"": 60, ""start"": 13387, ""end"": 13955}, {""paragraph"": 63, ""start"": 14256, ""end"": 15295}, {""paragraph"": 66, ""start"": 15372, ""end"": 16827}, {""paragraph"": 69, ""start"": 18779, ""end"": 19676}, {""paragraph"": 70, ""start"": 19678, ""end"": 20137}]}","{""positions"": null, ""paragraph_numbers"": [], ""speech_act"": ""not_confirmed"", ""note"": ""重点上下文复核没有确认纠正后同一错误来源再次进入实际执行的计算。""}",not_confirmed,not_confirmed
P40,pr9-pilot-20261009,trace-noise:5ac108cf0eb3bbe1a84e5231,trace-noise_5ac108cf0eb3bbe1a84e5231,igsm-pr9-20261008-0059-op21::noop:front:high,igsm-pr9-20261008-0059-op21,3,noise,related_noop,modular_equivalence_false_correction_control,自称earlier wrong，但54与31模23均为8，实际数值没有改变。,模型自报错误不能作为数值纠正真值；本例只复核该检索候选，不对其它来源歧义作穷尽标注。,/mnt/mydata/wja/reasoning-diff/runs/pr9-pilot-20261009/responses/trace-noise_5ac108cf0eb3bbe1a84e5231.json,2702e9bb85e59bc5809d627e24d9d6cd71898cc728f41f8692d496126570dbe9,evidence/P40.md,"{""positions"": null, ""paragraph_numbers"": [], ""speech_act"": ""not_confirmed"", ""note"": ""未确认首次错误实际采用；相关重述、疑问或约束候选另列。""}","{""positions"": null, ""paragraph_numbers"": [], ""speech_act"": ""not_confirmed"", ""note"": ""未确认真实错误工作值被自行改正；正确前向值或模等价另列。""}","{""positions"": null, ""paragraph_numbers"": [], ""speech_act"": ""not_confirmed"", ""note"": ""未确认稳定的明确来源纠正；若有试探分离，另列。""}",,"{""positions"": null, ""paragraph_numbers"": [], ""speech_act"": ""not_confirmed"", ""note"": ""重点上下文复核没有确认纠正后同一错误来源再次进入实际执行的计算。""}",not_confirmed,not_confirmed
P71,pr9-pilot-20261009,trace-reference:fb6a287152925482d6e4ef10,trace-reference_fb6a287152925482d6e4ef10,igsm-pr9-20261008-0059-op21::noop:front:low,igsm-pr9-20261008-0059-op21,0,reference,neutral_noop,modular_equivalence_recheck_control,先自称mistake，随后明确54与31模23都8，原步正确。,neutral_noop对照；没有可确认的数值纠正阶段或同源错误。,/mnt/mydata/wja/reasoning-diff/runs/pr9-pilot-20261009/responses/trace-reference_fb6a287152925482d6e4ef10.json,60d47152a366e4a82be4202a7ce746c77b9fe1bcff1c4480c957977a8f747000,evidence/P71.md,"{""positions"": null, ""paragraph_numbers"": [], ""speech_act"": ""not_confirmed"", ""note"": ""未确认首次错误实际采用；相关重述、疑问或约束候选另列。""}","{""positions"": null, ""paragraph_numbers"": [], ""speech_act"": ""not_confirmed"", ""note"": ""未确认真实错误工作值被自行改正；正确前向值或模等价另列。""}","{""positions"": null, ""paragraph_numbers"": [], ""speech_act"": ""not_confirmed"", ""note"": ""未确认稳定的明确来源纠正；若有试探分离，另列。""}",,"{""positions"": null, ""paragraph_numbers"": [], ""speech_act"": ""not_confirmed"", ""note"": ""重点上下文复核没有确认纠正后同一错误来源再次进入实际执行的计算。""}",not_confirmed,not_confirmed
E18,pr8-natural-pilot-20261007-d02a40c,trace-base:1:seed2,,igsm-official-0007-op21,igsm-official-0007-op21,2,unedited_original,base,modular_equivalence_recheck_control,21+38=59与21+15=36模23都13，模型复核后也确认原步正确。,Th为CannedVegetablesThyme简称，不能因简称或自报mistake认定错误。,/mnt/mydata/wja/reasoning-diff/reports/pr10-server-recurrence-review-20261010/source_data/artifacts/rd-pr8-natural-pilot-20261007-light/raw-and-reparsed-pilot.tar.gz::pr8-natural-pilot-20261007-d02a40c/pilot-gpu3/traces.jsonl::line=6,e3322ee18fda516e525cb4ceaa2c8d56b5045202293f52f170dab4c80125dd19,evidence/E18.md,"{""positions"": null, ""paragraph_numbers"": [], ""speech_act"": ""not_confirmed"", ""note"": ""未确认首次错误实际采用；相关重述、疑问或约束候选另列。""}","{""positions"": null, ""paragraph_numbers"": [], ""speech_act"": ""not_confirmed"", ""note"": ""未确认真实错误工作值被自行改正；正确前向值或模等价另列。""}","{""positions"": null, ""paragraph_numbers"": [], ""speech_act"": ""not_confirmed"", ""note"": ""未确认稳定的明确来源纠正；若有试探分离，另列。""}",,"{""positions"": null, ""paragraph_numbers"": [], ""speech_act"": ""not_confirmed"", ""note"": ""重点上下文复核没有确认纠正后同一错误来源再次进入实际执行的计算。""}",not_confirmed,not_confirmed
