run,role,seed,condition,expected,found,file_hash_match,text_hash_match,verified,missing,content_mismatch
pr9-pilot-20261009,noise,3,base,12,12,12,12,12,0,0
pr9-pilot-20261009,noise,3,neutral_noop,12,12,12,12,12,0,0
pr9-pilot-20261009,noise,3,related_noop,12,12,12,12,12,0,0
pr9-pilot-20261009,reference,0,base,12,12,12,12,12,0,0
pr9-pilot-20261009,reference,0,neutral_noop,12,12,12,12,12,0,0
pr9-pilot-20261009,reference,0,related_noop,12,12,12,12,12,0,0
pr9-validation-natural-20261010,noise,3,base,12,12,12,12,12,0,0
pr9-validation-natural-20261010,noise,3,neutral_noop,12,12,12,12,12,0,0
pr9-validation-natural-20261010,noise,3,related_noop,12,12,12,12,12,0,0
pr9-validation-natural-20261010,reference,0,base,12,12,12,12,12,0,0
pr9-validation-natural-20261010,reference,0,neutral_noop,12,12,12,12,12,0,0
pr9-validation-natural-20261010,reference,0,related_noop,12,12,12,12,12,0,0
